"VehPower","VehAge","DrivAge","BonusMalus","VehGas","Area","Region","predicted_rate"
7,16,52,50,"Diesel","D","Rhone-Alpes",0.0766097730777264
4,0,37,50,"Diesel","D","Centre",0.0622027928102378
7,2,70,50,"Diesel","D","Nord-Pas-de-Calais",0.0767573696118723
5,1,46,50,"Diesel","A","Bretagne",0.0486979476623197
7,16,53,50,"Regular","A","Centre",0.0381904869416124
5,4,80,50,"Regular","D","Languedoc-Roussillon",0.0633951961510733
6,10,51,62,"Diesel","A","Centre",0.0637438653059117
10,6,50,50,"Regular","A","Centre",0.0451217591006738
6,8,38,50,"Diesel","C","Centre",0.0530472676585437
5,6,47,50,"Diesel","B","Pays-de-la-Loire",0.0520106666620036
4,3,57,50,"Regular","D","Bourgogne",0.0543620700584263
5,5,30,60,"Diesel","D","Nord-Pas-de-Calais",0.074044736142299
10,11,29,72,"Regular","D","Lorraine",0.0816004882195748
7,15,57,50,"Regular","A","Centre",0.039362309336712
5,13,30,72,"Diesel","D","Rhone-Alpes",0.117288584884876
5,0,41,50,"Diesel","A","Bretagne",0.0478911109880666
10,4,41,50,"Regular","D","Nord-Pas-de-Calais",0.0588624913357659
13,14,41,50,"Diesel","A","Nord-Pas-de-Calais",0.0508405257271537
5,1,46,50,"Diesel","C","Ile-de-France",0.0530207375423626
8,15,64,50,"Diesel","E","Ile-de-France",0.0702430183890828
6,6,51,50,"Diesel","D","Bretagne",0.0680594864395711
8,4,32,54,"Regular","C","Pays-de-la-Loire",0.0534338206677856
7,6,54,50,"Regular","A","Limousin",0.0562633456692516
9,0,54,50,"Regular","A","Aquitaine",0.0483608367707478
4,10,38,72,"Regular","F","Ile-de-France",0.0881587416426408
5,6,47,50,"Regular","C","Centre",0.0457402838471473
6,14,53,50,"Diesel","A","Centre",0.0454220265329023
7,10,54,50,"Regular","B","Bretagne",0.0454748390107282
7,7,41,67,"Regular","D","Centre",0.0840981847065193
9,3,48,50,"Regular","E","Rhone-Alpes",0.0810916649136113
4,2,59,50,"Regular","E","Rhone-Alpes",0.0747648827161589
10,11,23,80,"Regular","D","Bretagne",0.114578534556378
7,1,34,50,"Regular","A","Aquitaine",0.0406848727296535
8,12,49,56,"Diesel","E","Centre",0.0844315093176719
5,7,28,72,"Regular","D","Ile-de-France",0.0780050663093696
5,16,44,50,"Diesel","D","Rhone-Alpes",0.0692572522341754
4,2,49,50,"Regular","D","Ile-de-France",0.0499884771515838
6,3,45,50,"Regular","C","Languedoc-Roussillon",0.047330130615631
6,0,51,50,"Diesel","D","Rhone-Alpes",0.0859492311705023
4,12,49,50,"Regular","C","Midi-Pyrenees",0.030515436652116
15,0,45,95,"Diesel","F","Ile-de-France",0.30391971843622
8,1,44,54,"Diesel","D","Ile-de-France",0.0738229512193687
6,4,46,50,"Regular","A","Aquitaine",0.0408841818211629
5,3,49,50,"Regular","D","Rhone-Alpes",0.0667777961440158
6,9,24,80,"Regular","E","Lorraine",0.0960708794675256
5,8,39,51,"Diesel","D","Centre",0.0616509072650805
7,5,74,50,"Regular","D","Lorraine",0.0563837867715472
5,1,30,57,"Diesel","B","Rhone-Alpes",0.0708442224533946
7,17,29,95,"Regular","D","Ile-de-France",0.137720305171368
6,6,54,50,"Diesel","C","Aquitaine",0.0600521307524184
6,10,36,76,"Diesel","A","Centre",0.0848153773019701
6,7,30,60,"Diesel","D","Nord-Pas-de-Calais",0.0748533388327683
8,2,38,53,"Diesel","B","Pays-de-la-Loire",0.0608683321456355
6,0,40,50,"Diesel","E","Ile-de-France",0.0672291495094875
6,9,52,80,"Diesel","E","Centre",0.155118091684939
7,13,75,50,"Regular","E","Provence-Alpes-Cotes-D'Azur",0.0713963742970992
7,2,42,62,"Diesel","E","Bretagne",0.102864075304982
4,8,47,78,"Regular","C","Poitou-Charentes",0.0945047536782196
8,6,67,50,"Regular","E","Picardie",0.0741939773311192
6,11,52,50,"Diesel","D","Lorraine",0.0554763969474187
6,9,24,90,"Regular","C","Centre",0.11489622688857
7,5,41,55,"Regular","D","Rhone-Alpes",0.0759475842621774
9,3,20,106,"Regular","B","Centre",0.182344132497704
7,4,29,68,"Diesel","C","Rhone-Alpes",0.104610723005286
7,10,35,80,"Regular","D","Provence-Alpes-Cotes-D'Azur",0.119859456968639
8,1,61,50,"Diesel","C","Bretagne",0.0687060848511103
9,16,81,50,"Regular","A","Centre",0.0468884087376485
5,0,64,50,"Regular","C","Rhone-Alpes",0.0640066204256337
6,6,37,60,"Diesel","D","Rhone-Alpes",0.0979480892081956
4,10,46,64,"Regular","D","Ile-de-France",0.0656967902265551
4,14,59,50,"Diesel","C","Languedoc-Roussillon",0.0520510527892093
5,6,35,55,"Diesel","C","Franche-Comte",0.0517232500174876
5,1,28,90,"Regular","D","Ile-de-France",0.131726862981539
6,10,46,50,"Diesel","C","Lorraine",0.0467746898793794
7,5,26,100,"Regular","D","Rhone-Alpes",0.226161045356287
8,16,37,50,"Diesel","A","Poitou-Charentes",0.0455755875547777
6,5,49,50,"Regular","E","Rhone-Alpes",0.0732070722910401
7,4,37,51,"Regular","C","Centre",0.0481699041388165
5,3,50,50,"Regular","E","Pays-de-la-Loire",0.0614792826348619
6,0,35,95,"Diesel","D","Pays-de-la-Loire",0.215035140089973
10,2,60,52,"Diesel","C","Rhone-Alpes",0.0903418012661106
6,10,29,57,"Diesel","C","Lorraine",0.0513470636968172
7,6,40,68,"Diesel","E","Nord-Pas-de-Calais",0.109463048822449
5,8,52,50,"Diesel","C","Rhone-Alpes",0.0670720500280496
5,3,58,50,"Regular","D","Lorraine",0.0498141777260848
7,2,71,50,"Diesel","D","Corse",0.0789627272208222
5,17,50,50,"Diesel","B","Aquitaine",0.0476422428453696
6,6,29,76,"Diesel","A","Rhone-Alpes",0.102781934606956
6,14,37,50,"Diesel","B","Bretagne",0.0467931432000353
4,1,69,50,"Regular","A","Corse",0.0433349978489153
5,4,57,50,"Regular","B","Basse-Normandie",0.0445439267144484
10,10,23,85,"Diesel","D","Centre",0.156154276584917
5,3,75,50,"Regular","C","Pays-de-la-Loire",0.0556624132388396
4,15,30,54,"Regular","B","Pays-de-la-Loire",0.0391972494542827
5,3,67,50,"Diesel","C","Ile-de-France",0.0580587279802236
10,8,37,68,"Diesel","C","Rhone-Alpes",0.114809523099537
5,12,42,50,"Diesel","A","Centre",0.0424267007643899
12,7,52,50,"Diesel","D","Bretagne",0.0809455987204129
4,9,29,67,"Diesel","B","Bourgogne",0.0662080751854276
5,3,43,50,"Regular","C","Pays-de-la-Loire",0.0471081255654309
5,12,49,50,"Regular","A","Centre",0.0365984713410203
7,8,46,50,"Regular","C","Pays-de-la-Loire",0.0484458306303723
5,2,61,67,"Regular","C","Provence-Alpes-Cotes-D'Azur",0.0857215111013278
6,3,34,54,"Diesel","C","Centre",0.0604066074841148
5,4,59,72,"Regular","E","Centre",0.110581384825265
7,0,56,50,"Diesel","D","Ile-de-France",0.0694125396406125
10,5,51,50,"Diesel","D","Provence-Alpes-Cotes-D'Azur",0.0822699374783631
4,13,43,50,"Regular","A","Aquitaine",0.0348702733850453
6,10,23,100,"Regular","E","Picardie",0.196362925852148
5,5,30,72,"Diesel","C","Ile-de-France",0.0832218619249562
5,3,28,68,"Regular","C","Languedoc-Roussillon",0.0671332691182345
12,5,41,50,"Diesel","E","Rhone-Alpes",0.100825848650825
5,5,27,68,"Regular","C","Bretagne",0.0673439465660314
7,1,48,50,"Diesel","F","Ile-de-France",0.0749555241178795
6,8,33,50,"Diesel","B","Rhone-Alpes",0.0578731699791507
5,4,51,50,"Regular","A","Centre",0.0398592268423932
4,0,34,50,"Diesel","D","Rhone-Alpes",0.0741381861580199
6,15,55,50,"Diesel","B","Languedoc-Roussillon",0.049558462988433
4,2,55,50,"Regular","B","Centre",0.0444573871270862
9,1,53,50,"Regular","D","Centre",0.0645956852308571
8,0,48,50,"Diesel","E","Ile-de-France",0.0743663619618579
5,1,72,50,"Regular","B","Centre",0.0505079671078894
5,9,28,54,"Diesel","E","Rhone-Alpes",0.0818559064857693
5,7,54,50,"Regular","C","Provence-Alpes-Cotes-D'Azur",0.0507036760784417
5,14,19,100,"Diesel","A","Poitou-Charentes",0.141857831709325
6,12,52,64,"Diesel","C","Languedoc-Roussillon",0.0780582547917131
4,3,51,50,"Regular","D","Ile-de-France",0.0500416874730746
10,7,41,50,"Diesel","E","Rhone-Alpes",0.0932685709138581
7,12,44,64,"Regular","C","Centre",0.0649844823841439
7,13,32,60,"Regular","C","Bretagne",0.0552711584870881
6,7,56,50,"Diesel","B","Centre",0.0544005983995265
7,3,28,95,"Regular","D","Centre",0.168898228549054
4,5,34,50,"Regular","C","Pays-de-la-Loire",0.0428281507870319
6,2,56,50,"Diesel","E","Midi-Pyrenees",0.0557897228579175
12,10,40,51,"Diesel","A","Provence-Alpes-Cotes-D'Azur",0.0582699123353741
8,7,34,60,"Diesel","C","Languedoc-Roussillon",0.0712115179477526
6,0,63,57,"Regular","C","Rhone-Alpes",0.0786708568983939
10,3,50,50,"Regular","E","Ile-de-France",0.0644730845602199
10,5,52,50,"Regular","A","Poitou-Charentes",0.048207317021326
7,0,68,76,"Regular","D","Provence-Alpes-Cotes-D'Azur",0.140906119257428
5,12,38,54,"Diesel","A","Centre",0.046102576376753
10,13,36,50,"Diesel","C","Rhone-Alpes",0.0682698428633877
6,7,55,50,"Diesel","D","Basse-Normandie",0.066589115236276
5,1,45,50,"Regular","C","Centre",0.0474356885455279
6,19,42,68,"Regular","A","Rhone-Alpes",0.0657911059584361
5,10,50,59,"Diesel","B","Aquitaine",0.0642741528470156
7,14,34,50,"Diesel","C","Bretagne",0.0513013008405095
6,9,45,50,"Diesel","E","Pays-de-la-Loire",0.0701266088508857
6,3,23,112,"Diesel","D","Provence-Alpes-Cotes-D'Azur",0.322327951369133
7,6,42,58,"Diesel","A","Centre",0.0586182217860017
7,4,27,60,"Diesel","A","Centre",0.0581795566172274
5,9,56,50,"Regular","C","Bretagne",0.0472665301365137
5,2,41,54,"Diesel","E","Midi-Pyrenees",0.0555749008758851
10,3,70,50,"Regular","A","Provence-Alpes-Cotes-D'Azur",0.0555692332572986
4,1,24,80,"Regular","D","Nord-Pas-de-Calais",0.101161845261408
5,6,39,50,"Regular","D","Provence-Alpes-Cotes-D'Azur",0.0549180395717438
7,9,44,95,"Diesel","C","Centre",0.179848529623346
6,6,45,50,"Regular","C","Lorraine",0.0401778268872016
6,11,35,52,"Diesel","E","Centre",0.0673009364933304
8,2,38,50,"Diesel","C","Bretagne",0.0603730361028654
5,0,34,55,"Diesel","A","Aquitaine",0.0529976062772784
10,1,25,95,"Regular","C","Ile-de-France",0.147567190624842
6,1,40,100,"Regular","D","Provence-Alpes-Cotes-D'Azur",0.218508787176036
6,7,48,72,"Diesel","C","Bretagne",0.101331391848217
4,11,68,50,"Regular","A","Pays-de-la-Loire",0.0404911042643983
6,5,51,50,"Diesel","D","Nord-Pas-de-Calais",0.0656206902832248
5,1,61,80,"Regular","C","Aquitaine",0.114925921997756
6,0,42,50,"Regular","B","Bretagne",0.0455424239719266
4,4,45,50,"Regular","C","Languedoc-Roussillon",0.0441945012973347
8,17,56,58,"Diesel","D","Bretagne",0.082312202049645
6,11,43,68,"Regular","E","Rhone-Alpes",0.10708089302255
8,14,61,50,"Diesel","C","Centre",0.0599857209766651
7,4,31,100,"Regular","B","Languedoc-Roussillon",0.152276111111949
7,2,29,64,"Regular","D","Languedoc-Roussillon",0.0755796078443549
4,6,70,50,"Regular","D","Centre",0.0580911230916077
4,12,70,50,"Regular","D","Lorraine",0.0473230497747515
4,1,33,62,"Regular","E","Lorraine",0.0640705360020268
12,10,70,50,"Diesel","C","Provence-Alpes-Cotes-D'Azur",0.0792606881761712
6,0,47,50,"Diesel","C","Champagne-Ardenne",0.0521677460508878
7,8,32,63,"Regular","E","Pays-de-la-Loire",0.0794423551805468
10,6,46,50,"Diesel","A","Centre",0.0531319853763124
4,6,79,50,"Regular","D","Centre",0.0608822779774003
5,10,30,80,"Diesel","D","Poitou-Charentes",0.128484395856418
6,12,53,50,"Diesel","C","Centre",0.0552539284214287
10,6,59,50,"Regular","C","Centre",0.0564585344880863
6,9,32,50,"Diesel","C","Bretagne",0.0516515724656742
6,3,30,55,"Diesel","C","Alsace",0.0577167824942578
5,15,43,59,"Diesel","D","Nord-Pas-de-Calais",0.07030343593842
5,2,27,100,"Regular","F","Ile-de-France",0.191316563082155
11,10,40,50,"Regular","C","Languedoc-Roussillon",0.0500727089817282
6,12,24,64,"Regular","A","Centre",0.0476107084075633
5,8,69,85,"Regular","D","Ile-de-France",0.134159591007986
7,2,49,50,"Diesel","D","Provence-Alpes-Cotes-D'Azur",0.0766231096949598
7,4,46,50,"Regular","C","Haute-Normandie",0.0468547907969708
4,3,49,50,"Diesel","C","Pays-de-la-Loire",0.0567362140074327
7,16,33,50,"Regular","C","Centre",0.0410796064004263
8,9,56,50,"Regular","C","Rhone-Alpes",0.0616677369270507
4,3,34,57,"Regular","E","Pays-de-la-Loire",0.0658638136001997
10,5,31,54,"Regular","C","Centre",0.054642804209133
5,6,71,50,"Regular","D","Rhone-Alpes",0.0728201056306828
5,2,47,50,"Regular","B","Aquitaine",0.0448927973887583
7,1,54,50,"Diesel","C","Centre",0.0634186502435514
7,7,32,80,"Diesel","D","Centre",0.135254736936276
5,13,68,50,"Regular","A","Centre",0.0400334168070084
6,6,32,76,"Diesel","A","Rhone-Alpes",0.10440240300561
5,6,28,90,"Regular","E","Ile-de-France",0.136314742580049
6,11,26,100,"Diesel","A","Centre",0.148808272827278
6,8,45,50,"Regular","E","Pays-de-la-Loire",0.0588737417526979
9,4,47,50,"Regular","C","Centre",0.0524611475423137
10,1,66,50,"Diesel","F","Ile-de-France",0.08997449908703
7,2,35,50,"Diesel","A","Centre",0.047660723225219
7,0,58,50,"Diesel","C","Centre",0.0653645640187803
5,6,32,80,"Regular","A","Languedoc-Roussillon",0.0762544077581749
7,9,39,50,"Diesel","A","Centre",0.0455773652812087
6,4,48,50,"Regular","C","Provence-Alpes-Cotes-D'Azur",0.0520600417378592
6,8,42,57,"Regular","D","Basse-Normandie",0.0614993918066346
12,3,57,62,"Diesel","C","Rhone-Alpes",0.121224620907847
7,11,57,50,"Regular","B","Auvergne",0.0391051980538933
10,11,36,76,"Diesel","C","Auvergne",0.0978557710169218
5,0,35,50,"Regular","C","Provence-Alpes-Cotes-D'Azur",0.0490323067032341
7,6,52,50,"Diesel","D","Centre",0.0694911309537731
6,3,37,50,"Diesel","E","Rhone-Alpes",0.0842443348181867
5,13,45,50,"Diesel","E","Haute-Normandie",0.061093142467197
6,12,47,50,"Regular","E","Centre",0.0560439108582915
7,1,34,50,"Diesel","E","Nord-Pas-de-Calais",0.0696412677756624
9,2,35,51,"Diesel","A","Poitou-Charentes",0.0543600378904499
6,6,40,50,"Diesel","B","Pays-de-la-Loire",0.0516525326900251
4,1,44,50,"Regular","C","Franche-Comte",0.0402802978362455
4,6,40,50,"Regular","C","Rhone-Alpes",0.0518348048844732
6,10,36,50,"Diesel","E","Poitou-Charentes",0.0679065039242097
5,5,56,55,"Regular","D","Provence-Alpes-Cotes-D'Azur",0.0689779145971989
4,5,46,50,"Regular","D","Lorraine",0.0445854093152516
4,0,78,50,"Regular","A","Centre",0.0462476257921468
7,1,45,50,"Regular","A","Bretagne",0.0427484289858592
8,5,44,50,"Diesel","C","Pays-de-la-Loire",0.0610672052389439
7,11,36,100,"Regular","A","Centre",0.134306073198293
13,8,49,50,"Diesel","A","Centre",0.0578854088949555
7,3,81,50,"Regular","B","Poitou-Charentes",0.0577350947598021
6,14,48,50,"Diesel","C","Centre",0.0528331030972363
5,5,81,50,"Regular","C","Lorraine",0.0475036347549064
8,18,60,50,"Diesel","C","Languedoc-Roussillon",0.0567323048647121
9,3,35,50,"Diesel","C","Lorraine",0.0515375651492501
8,2,45,54,"Diesel","C","Nord-Pas-de-Calais",0.0663627293058518
6,1,42,95,"Regular","D","Ile-de-France",0.16621099995781
7,7,41,50,"Regular","C","Alsace",0.0442931533856694
7,4,49,50,"Diesel","D","Centre",0.0697059530541076
7,5,46,50,"Regular","D","Centre",0.0565432498884136
6,1,43,50,"Regular","C","Ile-de-France",0.0447172351570802
10,9,41,52,"Diesel","D","Rhone-Alpes",0.0889138184091386
10,1,64,50,"Regular","D","Rhone-Alpes",0.0853081906838092
6,8,47,51,"Diesel","B","Rhone-Alpes",0.0638950610911805
7,11,25,112,"Regular","E","Bretagne",0.263898248660574
9,0,50,50,"Regular","E","Ile-de-France",0.0643766776443166
4,2,56,50,"Regular","C","Picardie",0.051350073402435
7,14,27,76,"Diesel","E","Centre",0.120620107166231
5,2,31,85,"Regular","E","Centre",0.136498215976697
8,0,37,62,"Diesel","E","Midi-Pyrenees",0.0746099226957424
4,12,79,50,"Regular","D","Centre",0.0575556951811725
6,11,41,50,"Diesel","C","Centre",0.0523908484018319
5,4,52,62,"Diesel","D","Haute-Normandie",0.0868314383582782
5,7,77,50,"Regular","D","Poitou-Charentes",0.0643986174368805
7,1,36,57,"Diesel","A","Champagne-Ardenne",0.0505028411787854
5,4,45,55,"Diesel","F","Ile-de-France",0.0770081233542609
6,16,20,100,"Diesel","E","Centre",0.206750997078765
6,8,28,72,"Diesel","C","Languedoc-Roussillon",0.0880290463207084
4,1,55,50,"Regular","C","Rhone-Alpes",0.0587388573947356
5,6,44,187,"Regular","D","Bretagne",1.8635730801664
8,4,32,57,"Diesel","C","Ile-de-France",0.0628197818517428
10,1,41,60,"Diesel","E","Ile-de-France",0.097728301179702
4,2,66,50,"Diesel","C","Alsace",0.0581783048981246
6,8,36,90,"Diesel","E","Rhone-Alpes",0.226142794457002
5,3,20,100,"Diesel","C","Centre",0.180172175496949
5,12,70,50,"Regular","D","Centre",0.0565663773895819
6,8,47,50,"Diesel","D","Provence-Alpes-Cotes-D'Azur",0.0695948113972468
11,8,46,85,"Diesel","A","Lorraine",0.114934502261749
6,1,39,50,"Regular","F","Ile-de-France",0.0577488105003288
7,13,55,50,"Regular","B","Basse-Normandie",0.0429890495679552
4,3,41,50,"Regular","E","Provence-Alpes-Cotes-D'Azur",0.0600894522015236
7,15,36,72,"Diesel","A","Basse-Normandie",0.073696102299386
6,2,27,95,"Diesel","D","Ile-de-France",0.183084857839884
11,6,31,54,"Regular","E","Haute-Normandie",0.0668314988958763
7,11,76,50,"Diesel","B","Centre",0.0599070379441626
7,15,50,50,"Diesel","E","Ile-de-France",0.0633939796361547
5,14,44,50,"Regular","A","Languedoc-Roussillon",0.0345399267048895
5,1,22,100,"Regular","D","Ile-de-France",0.165556967525719
6,8,19,100,"Regular","D","Lorraine",0.146505221940063
15,17,33,88,"Regular","C","Ile-de-France",0.128022509773693
7,5,59,50,"Diesel","A","Aquitaine",0.0536793305213345
12,2,54,50,"Diesel","A","Ile-de-France",0.0564275306803245
7,13,40,50,"Regular","C","Lorraine",0.0377611397137589
6,8,72,50,"Regular","C","Centre",0.0526780956707877
4,0,45,50,"Regular","D","Ile-de-France",0.0498822261872193
8,1,34,50,"Diesel","D","Nord-Pas-de-Calais",0.066147568129163
9,10,31,76,"Regular","C","Pays-de-la-Loire",0.091683970665417
4,2,41,50,"Diesel","B","Picardie",0.0528095114318591
11,2,76,50,"Regular","C","Centre",0.0659700556113352
6,1,51,76,"Diesel","D","Haute-Normandie",0.131664787616472
4,0,77,50,"Regular","B","Centre",0.0508040867107136
6,1,60,50,"Diesel","C","Pays-de-la-Loire",0.0649541904739064
7,1,43,50,"Diesel","D","Bretagne",0.0704626205674407
6,4,35,59,"Diesel","C","Basse-Normandie",0.0671909249841843
7,3,70,50,"Diesel","E","Bourgogne",0.082893638140612
6,0,72,50,"Regular","C","Provence-Alpes-Cotes-D'Azur",0.0612523225157415
4,2,52,85,"Regular","E","Ile-de-France",0.136734916307795
5,18,30,60,"Regular","D","Ile-de-France",0.052057251443968
4,5,54,50,"Regular","A","Provence-Alpes-Cotes-D'Azur",0.0420107082124817
7,4,65,50,"Diesel","C","Ile-de-France",0.0603911983455422
11,9,42,50,"Regular","C","Ile-de-France",0.0478552408049707
9,7,46,50,"Diesel","E","Midi-Pyrenees",0.055223836352891
7,9,23,90,"Regular","B","Rhone-Alpes",0.1318346220457
7,0,67,50,"Diesel","B","Lorraine",0.0546009689214802
4,5,36,51,"Diesel","D","Pays-de-la-Loire",0.0619654811393179
5,1,28,76,"Diesel","C","Centre",0.102582482602095
7,3,30,60,"Diesel","C","Provence-Alpes-Cotes-D'Azur",0.0768332806825013
5,6,31,72,"Diesel","A","Centre",0.0750627985716581
9,7,53,62,"Diesel","B","Languedoc-Roussillon",0.0789062965976784
4,2,73,50,"Regular","E","Nord-Pas-de-Calais",0.0643481272341009
7,6,51,50,"Regular","D","Centre",0.0574958518796849
9,2,78,50,"Diesel","D","Centre",0.0876554519839956
10,2,50,50,"Regular","C","Centre",0.0559264011207945
6,9,77,50,"Diesel","E","Rhone-Alpes",0.0981117166839428
5,4,47,50,"Regular","A","Corse",0.0386961849875154
6,8,60,50,"Regular","E","Ile-de-France",0.0575816244245815
6,3,35,50,"Diesel","D","Aquitaine",0.0649052639718122
5,5,53,52,"Diesel","C","Languedoc-Roussillon",0.0595482876929474
6,6,39,51,"Diesel","E","Centre",0.0701663397725788
5,3,28,80,"Diesel","C","Centre",0.111707728179301
8,13,41,50,"Diesel","D","Provence-Alpes-Cotes-D'Azur",0.0682898759778108
6,12,53,50,"Diesel","E","Rhone-Alpes",0.0841724414890443
6,0,68,50,"Diesel","C","Centre",0.0668554590242985
5,14,41,50,"Regular","B","Centre",0.0380439824646426
7,9,50,50,"Diesel","D","Provence-Alpes-Cotes-D'Azur",0.0721364314854274
5,2,46,50,"Diesel","C","Centre",0.0567977298020285
8,17,77,50,"Diesel","C","Bourgogne",0.0617310986863652
5,4,37,56,"Diesel","B","Rhone-Alpes",0.0696095895995141
4,13,62,50,"Regular","A","Centre",0.0376689973712724
4,2,26,80,"Regular","E","Rhone-Alpes",0.137261412034181
7,7,67,50,"Diesel","E","Rhone-Alpes",0.0977373512417869
7,0,71,50,"Diesel","B","Auvergne",0.0560666792903784
5,11,44,50,"Regular","B","Centre",0.0397448602854643
5,7,71,50,"Regular","D","Lorraine",0.051348051649149
4,16,59,71,"Regular","E","Aquitaine",0.0955515442941308
10,4,68,50,"Regular","E","Provence-Alpes-Cotes-D'Azur",0.0818430131763288
7,13,31,100,"Diesel","B","Basse-Normandie",0.167239600984304
4,16,47,50,"Diesel","C","Provence-Alpes-Cotes-D'Azur",0.0524518359296589
5,12,21,80,"Diesel","A","Centre",0.0829210694304386
4,1,26,76,"Regular","E","Ile-de-France",0.0953878937895837
7,1,32,112,"Diesel","D","Alsace",0.312391099327362
5,1,43,50,"Regular","B","Centre",0.0434197570095863
5,12,37,50,"Regular","C","Haute-Normandie",0.0390961262840863
6,5,35,50,"Diesel","C","Centre",0.0537119113715056
7,6,51,50,"Regular","C","Rhone-Alpes",0.0599908862034112
4,18,41,57,"Regular","D","Languedoc-Roussillon",0.0528384378385671
4,15,60,50,"Regular","C","Auvergne",0.0378525319851147
6,5,33,54,"Diesel","C","Limousin",0.0787082916434483
7,1,53,50,"Diesel","A","Bretagne",0.0535876865676434
6,3,33,50,"Diesel","D","Lorraine",0.0541524640662926
6,14,52,50,"Diesel","C","Pays-de-la-Loire",0.0551592490302975
6,2,45,50,"Diesel","D","Midi-Pyrenees",0.0485780385756453
4,9,45,54,"Regular","F","Ile-de-France",0.0578143323126825
5,2,37,50,"Regular","C","Nord-Pas-de-Calais",0.0436597885244632
11,2,49,50,"Diesel","A","Rhone-Alpes",0.0698707020940953
6,12,56,50,"Diesel","E","Provence-Alpes-Cotes-D'Azur",0.0761892256559011
6,4,37,50,"Regular","E","Provence-Alpes-Cotes-D'Azur",0.0618550607465706
5,6,35,50,"Diesel","C","Pays-de-la-Loire",0.0528209581750932
7,14,26,85,"Regular","C","Rhone-Alpes",0.121323830177208
7,3,74,50,"Regular","D","Aquitaine",0.068142960282382
6,7,50,50,"Regular","D","Bretagne",0.0557864470318369
9,5,34,50,"Regular","A","Centre",0.0406788656295058
8,14,36,50,"Diesel","A","Poitou-Charentes",0.0461957373921832
11,14,24,80,"Regular","A","Basse-Normandie",0.0805381497444011
7,9,47,72,"Diesel","C","Centre",0.100489662016924
7,11,33,68,"Regular","D","Rhone-Alpes",0.096541381301475
8,19,22,76,"Regular","E","Rhone-Alpes",0.116308120712885
5,5,53,50,"Regular","A","Centre",0.0399016550657661
8,9,26,100,"Regular","E","Midi-Pyrenees",0.144585304096109
5,1,55,50,"Regular","E","Provence-Alpes-Cotes-D'Azur",0.0678402735826391
6,7,20,100,"Diesel","E","Centre",0.2249321307927
7,6,71,50,"Regular","E","Rhone-Alpes",0.0837833346262659
13,4,38,100,"Diesel","E","Pays-de-la-Loire",0.319615084751288
7,9,61,50,"Diesel","A","Centre",0.0511175150477332
4,1,46,85,"Regular","C","Centre",0.11495568140098
5,4,90,69,"Regular","C","Centre",0.0955530424821299
6,17,38,50,"Diesel","D","Bretagne",0.057373479578046
6,1,45,50,"Regular","C","Ile-de-France",0.0451860190898356
4,3,25,76,"Diesel","B","Provence-Alpes-Cotes-D'Azur",0.096019876568612
4,17,59,50,"Diesel","C","Languedoc-Roussillon",0.0506090544305985
6,11,42,54,"Diesel","E","Rhone-Alpes",0.0890165943832478
4,0,54,50,"Regular","E","Provence-Alpes-Cotes-D'Azur",0.066136154080903
4,7,38,50,"Regular","E","Provence-Alpes-Cotes-D'Azur",0.0569817974606338
5,8,23,100,"Diesel","C","Centre",0.174640890790522
7,2,29,68,"Diesel","C","Rhone-Alpes",0.106588512216669
5,1,30,54,"Diesel","C","Lorraine",0.0504283461490269
4,1,51,95,"Regular","C","Languedoc-Roussillon",0.151018210384731
4,10,37,76,"Regular","C","Poitou-Charentes",0.0835798644854445
4,2,23,76,"Regular","C","Pays-de-la-Loire",0.0817443472725665
12,12,52,50,"Regular","C","Aquitaine",0.0558053064441478
4,11,56,50,"Regular","C","Centre",0.0444112810938751
4,1,39,100,"Regular","C","Nord-Pas-de-Calais",0.158536518687028
7,18,54,50,"Regular","F","Ile-de-France",0.0548557415398039
6,7,73,50,"Diesel","A","Bourgogne",0.0524145533199261
7,5,54,50,"Regular","A","Limousin",0.0567927177683209
5,13,68,50,"Diesel","C","Bretagne",0.0582758281529386
8,7,62,50,"Diesel","E","Rhone-Alpes",0.098081907586453
4,15,31,57,"Regular","B","Poitou-Charentes",0.0436370188313985
6,6,20,90,"Diesel","C","Centre",0.139148036930684
6,10,25,76,"Diesel","C","Languedoc-Roussillon",0.0943718142647326
7,3,33,76,"Diesel","D","Bretagne",0.129007891059672
4,4,56,50,"Regular","A","Picardie",0.0422128247382193
7,7,47,64,"Diesel","C","Centre",0.0831700878570334
8,1,29,54,"Regular","B","Centre",0.0489419404915226
5,16,48,50,"Diesel","B","Bretagne",0.0472179466645895
6,11,34,50,"Regular","E","Rhone-Alpes",0.0640002859496359
5,2,40,95,"Regular","E","Provence-Alpes-Cotes-D'Azur",0.200135592294241
8,8,33,66,"Regular","D","Ile-de-France",0.0741678673279509
10,1,47,50,"Diesel","A","Centre",0.0559701028442394
10,9,40,50,"Diesel","A","Centre",0.0500688176284631
7,15,43,50,"Regular","D","Centre",0.0506892746370263
6,11,33,50,"Regular","C","Centre",0.0417936769781536
4,4,61,50,"Diesel","C","Rhone-Alpes",0.0708500092020617
8,1,27,68,"Diesel","E","Provence-Alpes-Cotes-D'Azur",0.122973195093982
10,14,52,68,"Diesel","C","Provence-Alpes-Cotes-D'Azur",0.104586056073828
5,2,72,50,"Diesel","A","Languedoc-Roussillon",0.0537728209453717
4,3,27,90,"Diesel","C","Nord-Pas-de-Calais",0.135515216539288
6,11,47,50,"Diesel","B","Bourgogne",0.0486831283235183
7,7,59,50,"Diesel","D","Basse-Normandie",0.0700346082920898
6,11,48,50,"Diesel","C","Rhone-Alpes",0.0657859564680163
4,20,45,50,"Regular","A","Poitou-Charentes",0.0338179597434892
7,1,47,50,"Diesel","B","Languedoc-Roussillon",0.0558202576340496
10,15,44,50,"Diesel","C","Provence-Alpes-Cotes-D'Azur",0.062250262449017
6,11,57,50,"Regular","C","Basse-Normandie",0.0464578039342579
6,10,30,76,"Diesel","A","Centre",0.0822029086008451
5,14,48,50,"Diesel","A","Aquitaine",0.043912744430327
6,5,52,50,"Diesel","A","Centre",0.0491593149655928
7,17,82,50,"Regular","A","Centre",0.0440109352713123
5,11,46,118,"Diesel","C","Provence-Alpes-Cotes-D'Azur",0.329711720937117
7,7,27,100,"Regular","C","Provence-Alpes-Cotes-D'Azur",0.171356699614134
5,3,38,50,"Diesel","C","Rhone-Alpes",0.0653390937303125
7,6,31,106,"Diesel","E","Provence-Alpes-Cotes-D'Azur",0.312285674192856
9,14,49,95,"Regular","C","Languedoc-Roussillon",0.153420651046957
6,15,58,67,"Diesel","E","Ile-de-France",0.099810511393007
6,7,36,50,"Diesel","E","Provence-Alpes-Cotes-D'Azur",0.0719345732753447
10,14,52,50,"Diesel","C","Rhone-Alpes",0.0735182073112301
6,8,18,95,"Regular","D","Poitou-Charentes",0.155569133397912
6,9,39,50,"Diesel","C","Bretagne",0.0535717126177942
5,2,73,58,"Regular","C","Aquitaine",0.0684277981788454
7,18,22,80,"Regular","B","Pays-de-la-Loire",0.0785106671660548
5,6,41,72,"Diesel","D","Languedoc-Roussillon",0.108124825918561
4,5,52,50,"Regular","C","Bretagne",0.0466565535979854
8,9,27,68,"Diesel","A","Auvergne",0.0610079275891022
7,3,47,50,"Diesel","A","Basse-Normandie",0.0493022565523644
5,11,58,50,"Diesel","C","Basse-Normandie",0.0545130347574018
8,10,37,50,"Diesel","D","Pays-de-la-Loire",0.0651924924160413
6,2,35,50,"Regular","A","Centre",0.0384840833773293
7,2,60,50,"Diesel","D","Rhone-Alpes",0.0910626121428429
4,8,59,50,"Regular","D","Centre",0.0538350743970095
4,0,81,50,"Diesel","A","Picardie",0.0600282012682062
7,2,35,72,"Diesel","E","Ile-de-France",0.117285660909515
5,2,36,50,"Regular","F","Ile-de-France",0.0546803208653108
7,17,52,50,"Regular","B","Pays-de-la-Loire",0.0424963131287424
8,18,60,50,"Diesel","B","Midi-Pyrenees",0.0382447307214989
4,5,42,90,"Regular","C","Rhone-Alpes",0.149506410210848
4,5,38,57,"Regular","C","Centre",0.0513022034298367
6,7,51,50,"Regular","E","Rhone-Alpes",0.0726018989622563
10,0,78,50,"Regular","E","Ile-de-France",0.0767339711920007
7,5,25,72,"Regular","B","Pays-de-la-Loire",0.0731654807978413
5,2,74,50,"Regular","C","Provence-Alpes-Cotes-D'Azur",0.0589747784931144
5,5,30,64,"Diesel","D","Bretagne",0.0860108762721593
6,1,48,50,"Regular","C","Rhone-Alpes",0.060086357655067
5,6,53,50,"Regular","C","Centre",0.0471939436015908
6,5,21,118,"Regular","A","Centre",0.203623300399276
6,11,27,72,"Diesel","D","Basse-Normandie",0.098179333645602
4,13,52,50,"Regular","C","Centre",0.0426875105706679
5,3,47,50,"Diesel","E","Rhone-Alpes",0.0861658569748641
4,2,46,50,"Diesel","A","Provence-Alpes-Cotes-D'Azur",0.049827952730279
6,4,54,50,"Diesel","B","Centre",0.0553701670615007
9,6,34,51,"Regular","D","Centre",0.0572963900649831
4,2,30,50,"Regular","D","Nord-Pas-de-Calais",0.0474193368381509
5,7,35,90,"Regular","E","Aquitaine",0.154802555321226
7,9,54,72,"Regular","B","Centre",0.0801782159128578
4,7,36,50,"Regular","D","Provence-Alpes-Cotes-D'Azur",0.0519999632730043
8,13,35,50,"Regular","A","Centre",0.0368337073051083
5,2,44,57,"Diesel","E","Provence-Alpes-Cotes-D'Azur",0.0915252450970662
10,14,22,95,"Regular","D","Rhone-Alpes",0.195379470939344
8,7,47,50,"Diesel","A","Centre",0.0498713526901077
4,16,54,118,"Regular","D","Provence-Alpes-Cotes-D'Azur",0.307335678146704
6,1,29,72,"Diesel","B","Provence-Alpes-Cotes-D'Azur",0.0955238398947349
6,11,47,50,"Diesel","C","Centre",0.0540558679735818
6,1,63,50,"Diesel","A","Centre",0.0540486031396745
9,9,27,72,"Regular","E","Aquitaine",0.102750314978593
5,6,74,55,"Regular","C","Rhone-Alpes",0.0725935877007457
6,1,39,50,"Diesel","C","Provence-Alpes-Cotes-D'Azur",0.0614261058600713
7,3,34,50,"Regular","D","Provence-Alpes-Cotes-D'Azur",0.058384268438117
6,11,79,50,"Diesel","A","Centre",0.0534991146392811
5,14,30,64,"Regular","B","Rhone-Alpes",0.062575774207573
7,8,51,50,"Diesel","A","Centre",0.0489768829850791
7,13,53,50,"Diesel","B","Aquitaine",0.0533036152793509
4,4,30,80,"Regular","C","Nord-Pas-de-Calais",0.087463297496717
7,2,42,50,"Diesel","C","Pays-de-la-Loire",0.0603432946391317
7,15,52,50,"Diesel","A","Champagne-Ardenne",0.0401427545084895
10,2,53,50,"Regular","C","Bretagne",0.0576083744256299
5,12,23,90,"Diesel","B","Centre",0.119985381051491
6,11,49,50,"Diesel","D","Provence-Alpes-Cotes-D'Azur",0.068376159698186
7,9,55,50,"Diesel","B","Bretagne",0.0554793207609376
4,6,59,50,"Regular","A","Provence-Alpes-Cotes-D'Azur",0.042718475883723
6,3,55,50,"Diesel","C","Bretagne",0.0615986541970606
5,6,26,68,"Diesel","B","Centre",0.072783254580995
6,1,28,72,"Diesel","E","Rhone-Alpes",0.145073116745342
11,7,48,50,"Regular","D","Centre",0.0631219551069798
9,6,40,50,"Regular","B","Pays-de-la-Loire",0.0469479760234793
6,18,69,80,"Diesel","B","Aquitaine",0.117053573407557
7,1,76,50,"Diesel","E","Rhone-Alpes",0.10835383217352
6,1,55,50,"Regular","E","Ile-de-France",0.0599005425091106
5,6,22,100,"Regular","C","Centre",0.147226933913792
7,5,42,76,"Diesel","E","Rhone-Alpes",0.171797922791651
7,6,62,55,"Regular","A","Centre",0.0500538586984166
4,13,46,50,"Regular","C","Centre",0.0413726571933403
5,10,45,57,"Regular","D","Bretagne",0.0615397529488422
7,0,35,72,"Diesel","F","Ile-de-France",0.12523465020247
4,2,69,50,"Regular","B","Languedoc-Roussillon",0.0472023267958362
5,12,45,85,"Regular","E","Rhone-Alpes",0.161877219849211
7,1,24,85,"Regular","F","Ile-de-France",0.136595860324012
8,2,35,72,"Diesel","C","Ile-de-France",0.0960097012898969
9,13,43,51,"Regular","A","Centre",0.0405974934863875
7,0,50,50,"Diesel","D","Centre",0.0727449469732116
7,2,32,54,"Diesel","D","Ile-de-France",0.0666957703991701
7,13,53,80,"Regular","D","Centre",0.11865267806136
7,1,74,50,"Regular","C","Centre",0.0585436878199357
5,14,21,90,"Diesel","A","Centre",0.105533714719554
5,14,76,50,"Diesel","A","Languedoc-Roussillon",0.0490699840315239
7,2,34,76,"Diesel","E","Ile-de-France",0.129456708724769
5,11,53,55,"Diesel","E","Rhone-Alpes",0.0939325479432779
9,3,78,50,"Regular","B","Centre",0.0575728648211497
9,8,29,64,"Regular","F","Ile-de-France",0.0807208923450869
4,12,36,50,"Regular","D","Lorraine",0.0396348647156308
4,5,59,50,"Regular","B","Languedoc-Roussillon",0.0435628638342872
6,4,42,50,"Diesel","A","Centre",0.0471006858304481
10,12,77,50,"Regular","F","Ile-de-France",0.0714929663776574
5,4,29,51,"Diesel","D","Centre",0.0607522232283921
5,15,39,50,"Diesel","A","Centre",0.0406110538147595
5,18,54,50,"Regular","D","Provence-Alpes-Cotes-D'Azur",0.0530735796826871
6,7,61,50,"Diesel","B","Aquitaine",0.0570722012978219
10,9,39,50,"Diesel","E","Rhone-Alpes",0.0905882745976271
4,14,69,50,"Diesel","A","Centre",0.0465368778439712
5,8,35,50,"Diesel","C","Aquitaine",0.0518222459105075
7,10,61,50,"Regular","A","Centre",0.0421186397994763
6,13,39,80,"Diesel","A","Bourgogne",0.0904972820806078
5,6,69,50,"Regular","D","Rhone-Alpes",0.0720646309022421
6,1,40,50,"Regular","E","Haute-Normandie",0.0570555222709227
6,9,47,50,"Diesel","C","Nord-Pas-de-Calais",0.0533503300825273
7,12,38,54,"Regular","E","Ile-de-France",0.0565184699627497
7,18,68,50,"Regular","D","Pays-de-la-Loire",0.0574093930831559
5,17,37,50,"Diesel","D","Lorraine",0.0470853647423731
6,6,60,50,"Diesel","B","Aquitaine",0.0573095704221477
7,1,47,50,"Regular","F","Ile-de-France",0.0620170035095932
6,10,43,50,"Diesel","E","Rhone-Alpes",0.0814063778273494
6,8,22,90,"Diesel","C","Rhone-Alpes",0.167069742900287
5,9,64,50,"Regular","A","Centre",0.0407035956652112
4,5,72,50,"Regular","B","Bretagne",0.0478977764435584
6,7,31,68,"Regular","A","Centre",0.0574164489059686
4,3,54,50,"Regular","C","Ile-de-France",0.0438075170368563
6,6,30,54,"Regular","C","Nord-Pas-de-Calais",0.0463400658132614
6,5,63,50,"Diesel","E","Provence-Alpes-Cotes-D'Azur",0.0843752806900207
12,6,38,50,"Regular","C","Provence-Alpes-Cotes-D'Azur",0.0579204232712965
5,3,33,51,"Diesel","A","Poitou-Charentes",0.0473455079524886
6,9,40,50,"Diesel","C","Centre",0.0531037339149124
7,8,49,50,"Regular","E","Ile-de-France",0.0560047467011454
7,1,35,50,"Diesel","B","Centre",0.0531253129956916
5,11,30,72,"Diesel","E","Provence-Alpes-Cotes-D'Azur",0.115484537989181
8,0,49,62,"Diesel","A","Centre",0.0734991991269045
7,0,72,50,"Regular","C","Auvergne",0.0506792043526383
6,6,68,50,"Diesel","C","Poitou-Charentes",0.0662010667872664
4,20,36,100,"Regular","C","Centre",0.134865440010448
4,11,59,50,"Regular","D","Centre",0.0523436523266326
6,3,76,68,"Diesel","B","Centre",0.100071958374414
12,4,25,72,"Regular","D","Ile-de-France",0.0971602633408419
7,0,55,58,"Regular","F","Ile-de-France",0.080349439300524
6,9,38,57,"Diesel","C","Nord-Pas-de-Calais",0.0610602192158572
5,0,70,50,"Diesel","C","Nord-Pas-de-Calais",0.0635294211642947
7,6,52,50,"Diesel","A","Centre",0.050163739931102
6,3,80,50,"Regular","D","Midi-Pyrenees",0.0480401653427576
11,0,56,50,"Diesel","C","Languedoc-Roussillon",0.0718676546482263
8,15,63,50,"Diesel","C","Languedoc-Roussillon",0.0592687038644268
7,3,24,57,"Diesel","C","Bretagne",0.0647475199766322
7,3,58,50,"Diesel","B","Centre",0.0587830873058639
7,13,54,50,"Regular","A","Centre",0.0394839924040283
6,16,45,50,"Diesel","E","Bretagne",0.0651379731314991
4,13,49,50,"Regular","E","Provence-Alpes-Cotes-D'Azur",0.0570484453312675
12,1,36,100,"Diesel","F","Ile-de-France",0.299355589859169
8,1,71,50,"Diesel","D","Languedoc-Roussillon",0.0817444681429404
10,11,46,50,"Diesel","D","Nord-Pas-de-Calais",0.0680330739322136
12,0,60,50,"Diesel","C","Languedoc-Roussillon",0.0755862729862155
14,15,44,60,"Diesel","D","Nord-Pas-de-Calais",0.0946646480363532
6,12,21,125,"Regular","A","Centre",0.22874949997739
4,3,57,50,"Regular","B","Midi-Pyrenees",0.0320148405374542
5,16,42,80,"Diesel","D","Centre",0.123450235284375
7,1,65,50,"Regular","A","Centre",0.0467882172753459
6,3,32,54,"Diesel","C","Nord-Pas-de-Calais",0.057904908127086
5,0,25,95,"Diesel","D","Rhone-Alpes",0.234630460183027
6,1,51,50,"Diesel","E","Midi-Pyrenees",0.0548653883303043
7,11,27,80,"Regular","E","Provence-Alpes-Cotes-D'Azur",0.123507299384211
6,20,50,50,"Diesel","D","Poitou-Charentes",0.0613395216371524
5,10,74,72,"Regular","D","Languedoc-Roussillon",0.102886763639633
8,2,49,50,"Diesel","C","Provence-Alpes-Cotes-D'Azur",0.0680195794466366
7,10,53,50,"Diesel","C","Centre",0.0579893900731957
8,0,42,51,"Diesel","C","Nord-Pas-de-Calais",0.0615753048231602
8,1,47,50,"Diesel","A","Centre",0.0527537986993394
6,1,53,50,"Diesel","C","Nord-Pas-de-Calais",0.0593282189700632
6,12,58,50,"Diesel","E","Centre",0.0713619962237537
5,6,70,50,"Regular","C","Bretagne",0.0522948572964809
9,3,38,50,"Regular","D","Franche-Comte",0.0515470712601412
6,4,31,64,"Diesel","C","Rhone-Alpes",0.0924932302599247
4,16,56,50,"Regular","E","Aquitaine",0.054505069291476
4,6,48,50,"Regular","C","Bretagne",0.04526758035669
4,1,44,50,"Regular","D","Ile-de-France",0.0491602587441956
7,1,39,85,"Diesel","C","Midi-Pyrenees",0.104762456783521
7,13,54,63,"Regular","D","Rhone-Alpes",0.0928335581574592
4,16,48,50,"Regular","A","Poitou-Charentes",0.0356623126352469
7,9,36,53,"Regular","D","Provence-Alpes-Cotes-D'Azur",0.0602948958296495
7,3,40,64,"Diesel","E","Rhone-Alpes",0.126820754987089
4,13,39,62,"Diesel","C","Limousin",0.087429333652372
6,17,72,50,"Diesel","C","Centre",0.0582176243904746
4,0,36,100,"Regular","C","Corse",0.161227899414247
10,12,33,75,"Diesel","C","Languedoc-Roussillon",0.105911554160845
8,3,52,50,"Diesel","C","Rhone-Alpes",0.0768122740532498
5,2,71,50,"Regular","A","Poitou-Charentes",0.0472155604506984
8,15,21,95,"Regular","C","Rhone-Alpes",0.156411211606851
5,13,64,50,"Regular","B","Languedoc-Roussillon",0.0427320437823564
5,1,54,50,"Diesel","E","Ile-de-France",0.0695573937445539
4,8,42,65,"Diesel","C","Languedoc-Roussillon",0.0744089585844166
5,2,62,68,"Diesel","C","Centre",0.0985627994690754
5,0,70,50,"Diesel","E","Ile-de-France",0.0763209034872172
5,1,64,72,"Regular","E","Centre",0.116736364530629
5,1,57,50,"Regular","F","Ile-de-France",0.0615820442059088
7,7,48,50,"Diesel","B","Pays-de-la-Loire",0.0549531077866889
8,1,59,50,"Diesel","D","Rhone-Alpes",0.0941876186667125
4,0,49,50,"Regular","A","Auvergne",0.0344531308345357
7,18,29,50,"Regular","D","Ile-de-France",0.0423700039966929
4,2,42,50,"Regular","C","Pays-de-la-Loire",0.0459247890128667
4,20,41,51,"Regular","B","Centre",0.0358358947340457
11,10,43,50,"Diesel","B","Midi-Pyrenees",0.0412253424495008
7,0,41,100,"Diesel","E","Bretagne",0.279900296128661
4,14,44,54,"Regular","B","Rhone-Alpes",0.0503962807072929
6,4,57,50,"Diesel","D","Languedoc-Roussillon",0.0696387143721572
10,1,63,50,"Regular","A","Centre",0.0506012110158824
7,5,38,76,"Diesel","C","Pays-de-la-Loire",0.112929347427688
5,13,51,50,"Diesel","B","Provence-Alpes-Cotes-D'Azur",0.0524786635039381
4,1,50,50,"Regular","E","Bretagne",0.0603160503638144
6,3,28,90,"Diesel","C","Auvergne",0.129302428540444
10,16,26,90,"Regular","E","Centre",0.154010714468329
7,6,32,60,"Diesel","C","Centre",0.0699715529847443
6,13,29,85,"Diesel","D","Centre",0.139166680235916
6,6,29,54,"Diesel","E","Rhone-Alpes",0.0871700047691787
8,2,37,61,"Regular","B","Picardie",0.0644431692225306
6,14,48,72,"Regular","A","Languedoc-Roussillon",0.0643463669481172
7,15,28,90,"Regular","C","Centre",0.114238538050968
4,13,23,85,"Regular","A","Centre",0.0763269162669392
4,2,36,60,"Regular","D","Rhone-Alpes",0.0792992586879042
7,17,38,72,"Regular","D","Alsace",0.0816097571033793
6,0,72,50,"Diesel","A","Centre",0.0571784914861775
6,5,58,50,"Diesel","E","Rhone-Alpes",0.092249167887868
9,16,37,50,"Regular","A","Centre",0.0372755842577674
6,13,51,50,"Diesel","A","Limousin",0.0605535031241888
6,5,55,50,"Diesel","E","Provence-Alpes-Cotes-D'Azur",0.0809279759865234
7,3,39,54,"Diesel","A","Ile-de-France",0.0494702045157451
13,10,50,50,"Regular","D","Rhone-Alpes",0.0796592900174853
11,1,45,50,"Diesel","D","Provence-Alpes-Cotes-D'Azur",0.085265497456382
10,8,22,100,"Regular","C","Rhone-Alpes",0.202831203745926
5,0,53,65,"Diesel","D","Rhone-Alpes",0.124511865972403
8,4,41,60,"Diesel","E","Rhone-Alpes",0.117245120569896
7,9,83,50,"Regular","C","Poitou-Charentes",0.0596286687269896
10,3,28,60,"Regular","C","Rhone-Alpes",0.0775560289354891
6,15,25,68,"Diesel","D","Aquitaine",0.0878977990306238
6,20,32,76,"Regular","D","Languedoc-Roussillon",0.0860145696848113
5,20,35,50,"Regular","A","Centre",0.0315661920122832
4,6,51,50,"Regular","D","Corse",0.052153146868383
6,6,32,50,"Diesel","C","Centre",0.0523853442307745
8,8,48,50,"Diesel","B","Centre",0.0548431503428964
6,9,33,76,"Diesel","E","Bretagne",0.128400428248684
6,5,52,50,"Diesel","D","Centre",0.0680997150245121
9,2,45,50,"Regular","E","Provence-Alpes-Cotes-D'Azur",0.071809108792009
7,10,34,68,"Diesel","E","Provence-Alpes-Cotes-D'Azur",0.113817062206846
6,10,31,95,"Diesel","E","Centre",0.203390281554626
4,0,47,50,"Regular","E","Provence-Alpes-Cotes-D'Azur",0.0637656738637864
5,6,50,50,"Diesel","C","Centre",0.0558625633361389
7,7,45,50,"Regular","C","Rhone-Alpes",0.0576010984346083
6,11,38,50,"Diesel","B","Centre",0.0477060042076281
5,9,52,85,"Regular","C","Pays-de-la-Loire",0.115900737830719
6,7,29,80,"Diesel","E","Rhone-Alpes",0.169721688039205
8,3,56,50,"Diesel","D","Provence-Alpes-Cotes-D'Azur",0.0810953292931373
6,8,34,50,"Diesel","A","Centre",0.0435153304558189
6,3,31,80,"Diesel","C","Languedoc-Roussillon",0.115356910757666
11,2,57,50,"Regular","C","Centre",0.0597475415090093
7,12,51,54,"Diesel","D","Ile-de-France",0.0670585442057109
7,11,39,50,"Regular","A","Centre",0.0372037503675635
9,12,60,50,"Regular","D","Centre",0.060439019630379
5,11,35,51,"Diesel","E","Centre",0.0636625266794238
4,18,66,50,"Regular","C","Centre",0.0438196901901693
4,9,25,80,"Regular","C","Picardie",0.0892177619107265
6,11,32,54,"Regular","E","Centre",0.0580458544136796
6,3,65,64,"Diesel","B","Centre",0.0851643682545296
7,4,62,50,"Regular","E","Rhone-Alpes",0.081453681362671
7,2,68,68,"Regular","B","Midi-Pyrenees",0.0597078179442642
7,16,63,50,"Diesel","C","Pays-de-la-Loire",0.0590534929148212
5,1,27,57,"Regular","D","Poitou-Charentes",0.0629583088639277
11,10,61,50,"Diesel","D","Midi-Pyrenees",0.0568057385222792
5,1,61,50,"Regular","A","Provence-Alpes-Cotes-D'Azur",0.0465941681329985
6,10,60,50,"Diesel","A","Centre",0.0489087859608555
7,11,50,50,"Regular","E","Pays-de-la-Loire",0.060519366325181
11,1,41,50,"Diesel","A","Midi-Pyrenees",0.0401943716139985
10,15,48,50,"Regular","C","Aquitaine",0.0500856782648861
7,19,50,50,"Diesel","B","Centre",0.0485358083431001
5,1,67,67,"Regular","E","Provence-Alpes-Cotes-D'Azur",0.112337644897074
5,8,35,68,"Diesel","A","Bourgogne",0.0660129187415621
7,5,77,50,"Diesel","D","Centre",0.0799117612291025
7,10,36,50,"Diesel","C","Pays-de-la-Loire",0.0542631271113893
9,7,27,80,"Regular","E","Provence-Alpes-Cotes-D'Azur",0.13603898590007
8,11,31,50,"Diesel","B","Centre",0.0488004050172514
4,17,29,90,"Regular","E","Rhone-Alpes",0.157107248270329
6,10,53,50,"Diesel","A","Aquitaine",0.0481984422014385
6,9,47,50,"Regular","A","Rhone-Alpes",0.0464528180651375
11,2,61,50,"Diesel","A","Centre",0.0614390024702523
9,7,67,50,"Regular","F","Ile-de-France",0.0690401832320838
4,1,27,70,"Regular","E","Aquitaine",0.0906759104748634
5,2,43,50,"Diesel","A","Centre",0.0468354624663932
6,0,64,50,"Diesel","C","Centre",0.0654754661545944
9,10,37,68,"Regular","E","Ile-de-France",0.0874514730845285
6,15,31,90,"Regular","E","Pays-de-la-Loire",0.144940613142568
9,7,46,50,"Regular","C","Centre",0.0507425072331928
4,1,59,50,"Diesel","E","Ile-de-France",0.0693130424475321
7,13,37,57,"Regular","D","Centre",0.0600433933520905
5,0,52,50,"Diesel","F","Ile-de-France",0.0728159721995129
7,2,43,50,"Diesel","E","Rhone-Alpes",0.0903746027279828
6,10,57,50,"Diesel","D","Rhone-Alpes",0.0807529556675209
6,4,38,63,"Diesel","D","Rhone-Alpes",0.108455827398869
7,15,34,60,"Regular","B","Rhone-Alpes",0.060527894268891
5,9,51,50,"Regular","B","Centre",0.0420017276070274
11,0,63,50,"Diesel","E","Midi-Pyrenees",0.0683590944833954
10,14,33,100,"Regular","C","Centre",0.167732282872713
6,3,55,50,"Regular","B","Bretagne",0.0473864575759436
4,0,44,50,"Diesel","D","Nord-Pas-de-Calais",0.0624916419963709
7,7,49,54,"Diesel","E","Ile-de-France",0.0754161650215474
7,2,45,50,"Regular","E","Aquitaine",0.0641238462641689
10,14,77,54,"Diesel","D","Centre",0.0890644887689336
6,12,67,50,"Diesel","D","Centre",0.0689674456121995
7,15,43,50,"Diesel","A","Centre",0.0439951600686895
5,14,54,50,"Diesel","A","Bourgogne",0.0431622630175447
7,13,36,57,"Regular","C","Bretagne",0.0522033874690924
10,3,34,57,"Diesel","E","Ile-de-France",0.0855413326424627
5,10,28,85,"Diesel","D","Lorraine",0.119120457319538
5,1,27,106,"Diesel","F","Ile-de-France",0.271371529779039
4,15,38,50,"Regular","D","Pays-de-la-Loire",0.046205495361849
4,5,87,50,"Regular","B","Bretagne",0.0517945289010671
10,2,74,50,"Regular","C","Provence-Alpes-Cotes-D'Azur",0.0683789198474979
5,5,50,50,"Diesel","D","Bretagne",0.0663498604018968
7,10,43,50,"Diesel","C","Centre",0.0550430956886678
9,3,39,50,"Regular","C","Aquitaine",0.0519142321273145
7,0,45,50,"Diesel","D","Midi-Pyrenees",0.0509829962942753
6,0,33,68,"Diesel","E","Midi-Pyrenees",0.0804919156497252
4,0,43,50,"Diesel","D","Nord-Pas-de-Calais",0.0621666359912045
7,11,37,50,"Regular","A","Bourgogne",0.0358494005853945
5,0,32,72,"Regular","E","Nord-Pas-de-Calais",0.0965977752377176
5,11,84,50,"Regular","D","Centre",0.0614227746045548
11,7,61,50,"Regular","E","Provence-Alpes-Cotes-D'Azur",0.0790277315725027
7,2,42,50,"Diesel","D","Nord-Pas-de-Calais",0.0663303291231485
7,10,44,68,"Regular","E","Centre",0.0924419410704427
7,12,38,50,"Regular","D","Rhone-Alpes",0.0614922388892802
4,3,39,80,"Regular","C","Provence-Alpes-Cotes-D'Azur",0.1030551511098
7,4,53,50,"Regular","B","Rhone-Alpes",0.0571294351066458
7,14,51,50,"Regular","A","Centre",0.038508823850711
7,7,45,53,"Regular","D","Pays-de-la-Loire",0.0610230778695385
7,2,45,55,"Regular","C","Rhone-Alpes",0.068737941245292
5,11,40,50,"Diesel","E","Provence-Alpes-Cotes-D'Azur",0.0686872882317707
5,7,50,50,"Regular","E","Ile-de-France",0.0535616734630377
9,4,31,57,"Regular","C","Pays-de-la-Loire",0.0591917256449145
5,8,29,50,"Regular","A","Centre",0.0342326058482769
4,6,32,57,"Regular","A","Centre",0.0412590333547278
10,0,47,50,"Diesel","C","Ile-de-France",0.0623782734287624
4,3,19,100,"Regular","C","Provence-Alpes-Cotes-D'Azur",0.156134680769407
10,1,27,90,"Regular","D","Provence-Alpes-Cotes-D'Azur",0.177244887320758
6,0,48,50,"Diesel","B","Bourgogne",0.0542476748138059
9,5,49,60,"Regular","C","Languedoc-Roussillon",0.0672164946664293
4,10,22,90,"Diesel","C","Centre",0.127654303804964
6,2,76,76,"Diesel","A","Nord-Pas-de-Calais",0.109082281497961
7,3,68,50,"Regular","C","Provence-Alpes-Cotes-D'Azur",0.0600778211028334
6,1,61,50,"Diesel","A","Centre",0.0534878740192495
6,1,44,95,"Regular","C","Centre",0.156517966402301
8,2,39,50,"Diesel","C","Provence-Alpes-Cotes-D'Azur",0.0645636764838944
10,12,37,50,"Diesel","D","Lorraine",0.0572107114181542
7,20,68,50,"Regular","C","Centre",0.047491708639028
11,1,42,50,"Diesel","C","Nord-Pas-de-Calais",0.0649541598990194
4,0,42,50,"Regular","D","Centre",0.0531012117183253
5,5,54,50,"Regular","A","Auvergne",0.03475899654176
7,13,39,50,"Regular","C","Poitou-Charentes",0.0456610280410708
7,5,38,50,"Regular","C","Rhone-Alpes",0.0565865190800937
10,10,42,50,"Regular","E","Pays-de-la-Loire",0.0640322067475099
4,4,24,76,"Regular","D","Ile-de-France",0.0846367262993115
7,6,30,50,"Diesel","A","Ile-de-France",0.0413634808954769
5,1,66,50,"Regular","E","Rhone-Alpes",0.0806246646150748
6,7,36,68,"Diesel","D","Lorraine",0.0845848309784168
11,0,59,50,"Diesel","E","Rhone-Alpes",0.112672631021067
4,4,30,68,"Diesel","A","Centre",0.0665731313995007
9,6,26,90,"Diesel","D","Provence-Alpes-Cotes-D'Azur",0.19640419988089
4,0,54,50,"Diesel","A","Limousin",0.0654791285156344
6,9,69,50,"Regular","D","Lorraine",0.0513702664531159
6,11,62,50,"Diesel","C","Centre",0.0584536156773199
7,1,58,50,"Diesel","C","Provence-Alpes-Cotes-D'Azur",0.0698603855243344
7,8,63,50,"Regular","D","Centre",0.0600726989135129
5,2,55,50,"Regular","A","Lorraine",0.0357344321425261
5,5,62,50,"Diesel","C","Centre",0.0600292318540113
5,18,49,50,"Diesel","C","Ile-de-France",0.045930249068416
5,0,49,50,"Diesel","B","Bretagne",0.0551372674461714
5,15,55,50,"Regular","D","Rhone-Alpes",0.0615764030521564
5,1,42,50,"Regular","E","Ile-de-France",0.0543425702537567
8,20,44,50,"Diesel","A","Alsace",0.0413214024631238
7,13,40,50,"Diesel","A","Pays-de-la-Loire",0.0451231429115529
8,2,68,50,"Diesel","E","Ile-de-France",0.0810090835439586
9,15,33,80,"Regular","D","Nord-Pas-de-Calais",0.107823743262196
6,14,28,54,"Regular","C","Centre",0.0439269098620108
7,12,63,50,"Regular","C","Bretagne",0.0505716096080086
7,0,46,50,"Regular","C","Pays-de-la-Loire",0.0522147487912189
4,0,63,50,"Regular","E","Ile-de-France",0.0594171803876683
8,2,38,50,"Diesel","C","Languedoc-Roussillon",0.0587602295009045
10,12,50,50,"Diesel","C","Rhone-Alpes",0.0741310185307807
4,1,38,50,"Regular","C","Nord-Pas-de-Calais",0.0430092739810685
13,10,44,51,"Regular","E","Aquitaine",0.0725456477695098
4,4,25,85,"Regular","A","Languedoc-Roussillon",0.0828182875566673
7,1,69,50,"Diesel","A","Centre",0.0574411428050729
6,4,91,50,"Diesel","A","Pays-de-la-Loire",0.0621791900153995
9,5,43,57,"Regular","E","Provence-Alpes-Cotes-D'Azur",0.0828803302881157
7,5,36,50,"Regular","E","Ile-de-France",0.0538253342659395
6,12,42,50,"Diesel","A","Centre",0.0437009063749438
7,15,57,50,"Regular","B","Basse-Normandie",0.0426336764405494
5,0,60,50,"Diesel","E","Provence-Alpes-Cotes-D'Azur",0.084509558261851
4,0,40,51,"Diesel","D","Languedoc-Roussillon",0.0640037103407552
7,5,66,50,"Diesel","C","Lorraine",0.0560388186442909
7,13,20,90,"Regular","C","Basse-Normandie",0.109503681686838
4,2,54,50,"Diesel","E","Centre",0.0723398043993568
8,9,41,60,"Regular","C","Rhone-Alpes",0.0739520136177364
6,5,33,64,"Diesel","E","Centre",0.0962337018298504
7,3,51,50,"Regular","D","Ile-de-France",0.0546871759474271
12,14,35,61,"Regular","A","Centre",0.054667554769545
7,8,75,56,"Regular","E","Ile-de-France",0.0749583377325048
9,15,41,68,"Regular","C","Aquitaine",0.0748444053607261
6,8,77,50,"Diesel","A","Rhone-Alpes",0.0659241488051305
6,9,44,50,"Diesel","A","Centre",0.045417254504744
7,9,52,50,"Regular","A","Centre",0.0405658252005749
5,3,58,50,"Regular","C","Basse-Normandie",0.0488662315588789
6,5,59,50,"Diesel","E","Provence-Alpes-Cotes-D'Azur",0.0826336534926187
9,12,49,76,"Regular","C","Bretagne",0.0980262861806691
10,3,49,50,"Regular","C","Provence-Alpes-Cotes-D'Azur",0.0594621918039961
4,2,31,72,"Diesel","E","Ile-de-France",0.105107351508488
4,3,49,50,"Regular","B","Midi-Pyrenees",0.0307068163215474
5,8,40,80,"Diesel","E","Picardie",0.151756542462101
4,13,32,51,"Regular","E","Rhone-Alpes",0.0601315315495073
7,15,43,50,"Regular","C","Centre",0.0436856761416044
5,11,58,50,"Diesel","B","Centre",0.0514059320825623
4,19,63,50,"Regular","E","Rhone-Alpes",0.0651051376071663
5,6,39,50,"Regular","C","Midi-Pyrenees",0.0315593225680375
4,0,28,85,"Diesel","C","Ile-de-France",0.11746575748481
7,0,32,50,"Regular","C","Midi-Pyrenees",0.0341492088341486
9,1,61,50,"Diesel","C","Pays-de-la-Loire",0.0713551451905301
7,5,34,76,"Diesel","D","Rhone-Alpes",0.151948839247041
5,6,51,50,"Diesel","C","Centre",0.0561546117678862
9,6,70,50,"Regular","A","Auvergne",0.0421345121483584
7,6,56,50,"Regular","C","Lorraine",0.0438276197956898
5,7,45,50,"Regular","C","Centre",0.0448438219024737
6,5,58,50,"Regular","C","Rhone-Alpes",0.0609751918010101
7,3,40,50,"Diesel","A","Centre",0.0484636784840585
8,1,71,62,"Regular","D","Centre",0.0940908085184784
5,7,32,60,"Diesel","C","Centre",0.0653359255285795
5,7,58,50,"Regular","E","Bretagne",0.0612347629188112
5,4,49,58,"Diesel","C","Centre",0.0697074040424894
6,3,56,50,"Diesel","A","Rhone-Alpes",0.0619190199891581
4,5,50,50,"Regular","B","Midi-Pyrenees",0.030294595882519
5,4,52,50,"Regular","C","Centre",0.0478361145097743
5,8,65,50,"Regular","B","Pays-de-la-Loire",0.0466328724625834
5,3,32,50,"Diesel","A","Centre",0.0438124415479084
7,2,55,85,"Diesel","F","Ile-de-France",0.191249529562219
4,0,38,50,"Regular","D","Ile-de-France",0.048094326179942
5,14,32,50,"Diesel","D","Rhone-Alpes",0.0662864294108551
5,1,45,58,"Regular","D","Centre",0.0677595706445946
7,7,51,50,"Diesel","A","Centre",0.0494376980155983
6,2,54,50,"Regular","C","Rhone-Alpes",0.0614180741043691
5,13,61,54,"Diesel","D","Rhone-Alpes",0.0863591651840742
9,7,41,50,"Regular","A","Aquitaine",0.0423238066701039
9,3,43,50,"Regular","E","Ile-de-France",0.0603497231441073
6,2,28,60,"Diesel","E","Pays-de-la-Loire",0.0888618562142213
7,0,63,50,"Diesel","A","Midi-Pyrenees",0.0404248228084681
7,1,55,50,"Diesel","C","Centre",0.0637502017557101
6,3,46,50,"Diesel","A","Bretagne",0.0492297517249936
7,2,53,50,"Diesel","C","Languedoc-Roussillon",0.0616880204986941
5,1,26,81,"Diesel","E","Alsace",0.138275489802748
6,8,37,50,"Regular","A","Centre",0.0367627249573049
5,0,65,50,"Regular","B","Centre",0.0491558267002564
7,16,33,57,"Regular","D","Rhone-Alpes",0.0692199747858973
4,14,50,50,"Regular","B","Centre",0.0387093527862387
4,12,76,50,"Regular","B","Centre",0.0451677960724869
7,3,78,50,"Regular","C","Centre",0.0586683880140486
12,2,44,57,"Diesel","E","Ile-de-France",0.0965141892880913
6,6,27,100,"Regular","F","Ile-de-France",0.189817111668777
7,6,29,60,"Regular","B","Basse-Normandie",0.0519767673730461
8,0,44,50,"Regular","C","Nord-Pas-de-Calais",0.0504221497482028
7,0,36,50,"Diesel","D","Ile-de-France",0.0625383696233916
4,10,24,90,"Regular","E","Pays-de-la-Loire",0.138029284180744
7,0,38,50,"Regular","F","Ile-de-France",0.0597305833191905
5,19,51,50,"Regular","D","Centre",0.0479801794584413
4,17,34,50,"Regular","A","Centre",0.0313550672298617
8,15,38,50,"Diesel","A","Languedoc-Roussillon",0.0435761390360679
8,14,27,72,"Regular","E","Provence-Alpes-Cotes-D'Azur",0.10047409250773
5,6,51,60,"Diesel","E","Provence-Alpes-Cotes-D'Azur",0.0988513599246202
6,7,53,50,"Regular","F","Ile-de-France",0.0587278928915947
6,0,50,50,"Diesel","D","Rhone-Alpes",0.0855022271332027
10,0,37,51,"Regular","C","Provence-Alpes-Cotes-D'Azur",0.0589594513319598
4,13,27,68,"Diesel","B","Centre",0.0665235119885197
12,5,44,50,"Diesel","D","Bretagne",0.0791062658570425
10,5,60,50,"Diesel","A","Centre",0.0576935294898838
6,6,27,71,"Diesel","D","Nord-Pas-de-Calais",0.0989990776224349
7,5,85,50,"Regular","C","Lorraine",0.0514620975958795
7,0,42,50,"Diesel","B","Bourgogne",0.0541557902751668
8,19,56,50,"Diesel","B","Centre",0.0515823191765183
4,2,65,50,"Diesel","B","Centre",0.0563142004114921
5,1,34,50,"Diesel","D","Nord-Pas-de-Calais",0.0605285585528434
4,3,54,50,"Regular","C","Provence-Alpes-Cotes-D'Azur",0.0511042074008862
5,0,46,50,"Regular","E","Rhone-Alpes",0.0733235764120061
6,2,48,50,"Diesel","D","Midi-Pyrenees",0.0493439239102758
4,4,55,50,"Regular","B","Bretagne",0.0442470965868096
4,14,49,50,"Regular","C","Centre",0.0416332221010027
6,8,75,50,"Regular","E","Aquitaine",0.0688181288611001
6,5,37,50,"Regular","D","Bretagne",0.0531157725529772
7,8,37,50,"Diesel","C","Rhone-Alpes",0.0658075031215514
10,5,41,50,"Regular","C","Centre",0.0518841202937829
7,13,42,50,"Diesel","C","Bretagne",0.0539898384178913
7,11,34,50,"Regular","C","Rhone-Alpes",0.0523904481489266
7,14,37,54,"Regular","C","Bretagne",0.0480881420316508
13,3,73,97,"Diesel","D","Provence-Alpes-Cotes-D'Azur",0.34849288084222
6,15,34,54,"Diesel","D","Centre",0.0626406536520035
5,13,49,50,"Diesel","C","Lorraine",0.0448489361007131
5,7,29,68,"Diesel","D","Centre",0.091880590397777
11,10,27,60,"Diesel","A","Ile-de-France",0.0572558993321304
5,1,61,50,"Diesel","A","Provence-Alpes-Cotes-D'Azur",0.0560221613838084
8,0,59,50,"Diesel","A","Midi-Pyrenees",0.0407794188774756
9,9,36,50,"Regular","B","Centre",0.0437223356236226
7,4,30,72,"Regular","A","Centre",0.0671380076401232
4,2,52,50,"Regular","A","Centre",0.0396347800419831
5,18,52,50,"Regular","A","Centre",0.0351442324787998
7,11,43,57,"Regular","E","Pays-de-la-Loire",0.0699914125399008
7,1,39,50,"Diesel","C","Pays-de-la-Loire",0.0599656312202989
7,14,49,50,"Diesel","A","Centre",0.045820456777884
4,14,34,50,"Regular","C","Centre",0.0385009538097711
7,11,27,64,"Regular","A","Limousin",0.0671044680754309
7,6,68,50,"Regular","D","Rhone-Alpes",0.0760606381378478
6,4,36,50,"Regular","D","Midi-Pyrenees",0.037835228419666
5,2,52,50,"Regular","E","Centre",0.0613297335598143
6,8,37,50,"Diesel","B","Bretagne",0.0494976759949338
7,4,52,50,"Diesel","C","Centre",0.061022017445578
12,4,48,50,"Regular","C","Pays-de-la-Loire",0.0589263926696482
8,3,57,62,"Diesel","D","Rhone-Alpes",0.124957726534074
6,8,31,57,"Diesel","E","Rhone-Alpes",0.0934587933010917
6,10,30,51,"Regular","A","Midi-Pyrenees",0.0256834249280386
10,11,31,50,"Regular","E","Rhone-Alpes",0.0709239543647148
8,3,40,50,"Diesel","A","Languedoc-Roussillon",0.049270057090109
6,12,42,85,"Diesel","D","Centre",0.150328651749413
7,4,47,50,"Diesel","A","Centre",0.0497967798146579
4,20,38,57,"Diesel","D","Aquitaine",0.0635671818951786
10,17,27,60,"Diesel","B","Centre",0.0621620681587106
6,6,36,57,"Regular","C","Poitou-Charentes",0.0558949860385682
7,10,44,50,"Regular","D","Haute-Normandie",0.0508626858827122
6,6,28,85,"Diesel","C","Nord-Pas-de-Calais",0.123402353034307
5,7,37,80,"Regular","A","Nord-Pas-de-Calais",0.0760966013919034
7,5,70,50,"Diesel","A","Languedoc-Roussillon",0.0548952484019774
4,2,38,50,"Regular","E","Ile-de-France",0.0511874644801395
10,19,43,50,"Diesel","A","Pays-de-la-Loire",0.0473526195551411
6,5,27,85,"Diesel","C","Poitou-Charentes",0.133997471657908
4,4,53,50,"Regular","B","Pays-de-la-Loire",0.044150390545795
8,1,50,50,"Diesel","C","Ile-de-France",0.0591640085618916
4,8,61,74,"Regular","E","Nord-Pas-de-Calais",0.106616337627394
7,5,73,50,"Diesel","A","Centre",0.0564953826364726
7,7,37,85,"Regular","B","Provence-Alpes-Cotes-D'Azur",0.113075184585455
4,13,37,57,"Regular","D","Rhone-Alpes",0.0665177356566408
4,1,40,100,"Regular","E","Ile-de-France",0.191453138777289
4,4,39,85,"Diesel","A","Champagne-Ardenne",0.0944852788710012
8,13,46,50,"Diesel","C","Centre",0.0559946386979203
8,8,45,50,"Regular","C","Rhone-Alpes",0.0587780062362928
7,10,44,50,"Regular","C","Alsace",0.043745059579783
7,6,40,54,"Diesel","A","Rhone-Alpes",0.0632972832094439
6,17,45,50,"Regular","A","Centre",0.0352306261687398
5,3,42,50,"Diesel","C","Centre",0.0551068520843749
4,3,24,85,"Regular","C","Languedoc-Roussillon",0.0992867358643259
7,7,43,54,"Diesel","D","Centre",0.0728828541567215
10,1,59,50,"Diesel","E","Bretagne",0.0907714796962993
13,0,38,57,"Diesel","C","Provence-Alpes-Cotes-D'Azur",0.0910156693294009
6,7,33,85,"Diesel","C","Ile-de-France",0.119802755616412
6,8,43,50,"Diesel","D","Pays-de-la-Loire",0.0645976662753409
5,4,29,51,"Regular","D","Centre",0.050528205867746
5,13,50,50,"Regular","A","Centre",0.0364468850173071
8,14,49,50,"Regular","C","Rhone-Alpes",0.0567375445449522
4,2,64,50,"Regular","E","Aquitaine",0.0647877390221838
11,1,53,50,"Diesel","E","Aquitaine",0.0913347924784937
5,7,38,64,"Diesel","C","Rhone-Alpes",0.0905543779313408
